INSERT OR REPLACE INTO product_categories (id, name, slug, description, image_url, sort_order, created_at, updated_at) VALUES ('cat_breads_loaves', 'Breads & Loaves', 'breads-loaves', 'Freshly baked artisan breads and loaves', '/images/categories/foccacia-detail.webp', 1, '2025-12-02T15:33:41.977Z', '2025-12-02T15:33:41.977Z');
INSERT OR REPLACE INTO product_categories (id, name, slug, description, image_url, sort_order, created_at, updated_at) VALUES ('cat_pastries', 'Pastries', 'pastries', 'Buttery, flaky pastries and sweet treats', '/images/categories/cinnamon_knots-detail.webp', 2, '2025-12-02T15:33:41.977Z', '2025-12-02T15:33:41.977Z');
INSERT OR REPLACE INTO product_categories (id, name, slug, description, image_url, sort_order, created_at, updated_at) VALUES ('cat_pies_tarts', 'Pies & Tarts', 'pies-tarts', 'Sweet and savory pies and tarts', '/images/categories/large_apple_pie-detail.webp', 3, '2025-12-02T15:33:41.977Z', '2025-12-02T15:33:41.977Z');
INSERT OR REPLACE INTO product_categories (id, name, slug, description, image_url, sort_order, created_at, updated_at) VALUES ('cat_cakes_slices', 'Cakes & Slices', 'cakes-slices', 'Delicious cakes by the slice or whole', '/images/categories/frangipane_slice-detail.webp', 4, '2025-12-02T15:33:41.977Z', '2025-12-02T15:33:41.977Z');
INSERT OR REPLACE INTO product_categories (id, name, slug, description, image_url, sort_order, created_at, updated_at) VALUES ('cat_savory', 'Savory Items', 'savory', 'Savory baked goods and specialties', '/images/categories/pesto_swirl-detail.webp', 5, '2025-12-02T15:33:41.977Z', '2025-12-02T15:33:41.977Z');
INSERT OR REPLACE INTO product_categories (id, name, slug, description, image_url, sort_order, created_at, updated_at) VALUES ('cat_biscuits_bars', 'Biscuits & Bars', 'biscuits-bars', 'Flapjacks, biscuits, and sweet bars', '/images/categories/tiffin_cake_slice-detail.webp', 6, '2025-12-02T15:33:41.977Z', '2025-12-02T15:33:41.977Z');
INSERT OR REPLACE INTO products (id, category_id, name, slug, description, base_price, image_url, is_active, created_at, updated_at) VALUES ('prod_foccacia', 'cat_breads_loaves', 'Focaccia', 'foccacia', 'Italian flatbread with herbs and olive oil', 4, '/images/products/breads-loaves/foccacia-card.webp', 1, '2025-12-02T15:33:41.977Z', '2025-12-02T15:33:41.977Z');
INSERT OR REPLACE INTO products (id, category_id, name, slug, description, base_price, image_url, is_active, created_at, updated_at) VALUES ('prod_sourdough', 'cat_breads_loaves', 'Sourdough', 'sourdough', 'Traditional sourdough bread with crispy crust', 4, '/images/products/breads-loaves/sourdough-card.webp', 1, '2025-12-02T15:33:41.977Z', '2025-12-02T15:33:41.977Z');
INSERT OR REPLACE INTO products (id, category_id, name, slug, description, base_price, image_url, is_active, created_at, updated_at) VALUES ('prod_wholemeal_loaf', 'cat_breads_loaves', 'Wholemeal Loaf', 'wholemeal_loaf', 'Healthy wholemeal bread loaf', 3.5, '/images/products/breads-loaves/wholemeal_loaf-card.webp', 1, '2025-12-02T15:33:41.977Z', '2025-12-02T15:33:41.977Z');
INSERT OR REPLACE INTO products (id, category_id, name, slug, description, base_price, image_url, is_active, created_at, updated_at) VALUES ('prod_malt_loaf', 'cat_breads_loaves', 'Malt Loaf', 'malt_loaf', 'Sweet malt loaf, perfect with butter', 7, '/images/products/breads-loaves/malt_loaf-card.webp', 1, '2025-12-02T15:33:41.977Z', '2025-12-02T15:33:41.977Z');
INSERT OR REPLACE INTO products (id, category_id, name, slug, description, base_price, image_url, is_active, created_at, updated_at) VALUES ('prod_apple_cinnamon_loaf', 'cat_breads_loaves', 'Apple & Cinnamon Loaf', 'apple_cinnamon_loaf', 'Sweet loaf with apple and cinnamon', 7, '/images/products/breads-loaves/apple_cinnamon_loaf-card.webp', 1, '2025-12-02T15:33:41.977Z', '2025-12-02T15:33:41.977Z');
INSERT OR REPLACE INTO products (id, category_id, name, slug, description, base_price, image_url, is_active, created_at, updated_at) VALUES ('prod_croissants', 'cat_pastries', 'Croissants', 'croissants', 'Buttery, flaky French croissants', 2, '/images/products/pastries/croissants-card.webp', 1, '2025-12-02T15:33:41.977Z', '2025-12-02T15:33:41.977Z');
INSERT OR REPLACE INTO products (id, category_id, name, slug, description, base_price, image_url, is_active, created_at, updated_at) VALUES ('prod_savoury_croissants', 'cat_pastries', 'Savoury Croissants', 'savoury_croissants', 'Croissants filled with savory ingredients', 3.5, '/images/products/pastries/savoury_croissants-card.webp', 1, '2025-12-02T15:33:41.977Z', '2025-12-02T15:33:41.977Z');
INSERT OR REPLACE INTO products (id, category_id, name, slug, description, base_price, image_url, is_active, created_at, updated_at) VALUES ('prod_peach_pastry', 'cat_pastries', 'Peach Pastries', 'peach_pastry', 'Sweet pastries with peach filling', 1.5, '/images/products/pastries/peach_pastry-card.webp', 1, '2025-12-02T15:33:41.977Z', '2025-12-02T15:33:41.977Z');
INSERT OR REPLACE INTO products (id, category_id, name, slug, description, base_price, image_url, is_active, created_at, updated_at) VALUES ('prod_pistacio_pastry', 'cat_pastries', 'Pistachio Pastries', 'pistacio_pastry', 'Delicate pastries with pistachio cream', 1.5, '/images/products/pastries/pistacio_pastry-card.webp', 1, '2025-12-02T15:33:41.977Z', '2025-12-02T15:33:41.977Z');
INSERT OR REPLACE INTO products (id, category_id, name, slug, description, base_price, image_url, is_active, created_at, updated_at) VALUES ('prod_portuguese_custard_tarts', 'cat_pastries', 'Portuguese Custard Tarts', 'portuguese_custard_tarts', 'Traditional Pastéis de Nata', 1, '/images/products/pastries/portuguese_custard_tarts-card.webp', 1, '2025-12-02T15:33:41.977Z', '2025-12-02T15:33:41.977Z');
INSERT OR REPLACE INTO products (id, category_id, name, slug, description, base_price, image_url, is_active, created_at, updated_at) VALUES ('prod_cinnamon_knots', 'cat_pastries', 'Cinnamon Knots', 'cinnamon_knots', 'Sweet cinnamon pastry knots', 2.5, '/images/products/pastries/cinnamon_knots-card.webp', 1, '2025-12-02T15:33:41.977Z', '2025-12-02T15:33:41.977Z');
INSERT OR REPLACE INTO products (id, category_id, name, slug, description, base_price, image_url, is_active, created_at, updated_at) VALUES ('prod_apple_pies', 'cat_pies_tarts', 'Apple Pies', 'small_apple_pies', 'Classic apple pies in various sizes', 4.5, '/images/products/pies-tarts/small_apple_pies-card.webp', 1, '2025-12-02T15:33:41.977Z', '2025-12-02T15:33:41.977Z');
INSERT OR REPLACE INTO products (id, category_id, name, slug, description, base_price, image_url, is_active, created_at, updated_at) VALUES ('prod_apple_blackberry_pies', 'cat_pies_tarts', 'Small Apple & Blackberry Pies', 'small_appleblackberry_pies', 'Apple and blackberry pies', 4.5, '/images/products/pies-tarts/small_appleblackberry_pies-card.webp', 1, '2025-12-02T15:33:41.977Z', '2025-12-02T15:33:41.977Z');
INSERT OR REPLACE INTO products (id, category_id, name, slug, description, base_price, image_url, is_active, created_at, updated_at) VALUES ('prod_large_apple_pie', 'cat_pies_tarts', 'Large Apple Pie', 'large_apple_pie', 'Large family-sized apple pie', 9, '/images/products/pies-tarts/large_apple_pie-card.webp', 1, '2025-12-02T15:33:41.977Z', '2025-12-02T15:33:41.977Z');
INSERT OR REPLACE INTO products (id, category_id, name, slug, description, base_price, image_url, is_active, created_at, updated_at) VALUES ('prod_lemon_meringue_pie', 'cat_pies_tarts', 'Lemon Meringue Pie', 'lemon_meringue_pie', 'Tangy lemon filling with fluffy meringue', 10, '/images/products/pies-tarts/lemon_meringue_pie-card.webp', 1, '2025-12-02T15:33:41.977Z', '2025-12-02T15:33:41.977Z');
INSERT OR REPLACE INTO products (id, category_id, name, slug, description, base_price, image_url, is_active, created_at, updated_at) VALUES ('prod_tarte_au_citron', 'cat_pies_tarts', 'Tarte au Citron', 'whole_tarte_au_citron', 'French lemon tart', 12, '/images/products/pies-tarts/whole_tarte_au_citron-card.webp', 1, '2025-12-02T15:33:41.977Z', '2025-12-02T15:33:41.977Z');
INSERT OR REPLACE INTO products (id, category_id, name, slug, description, base_price, image_url, is_active, created_at, updated_at) VALUES ('prod_tiffin_slice', 'cat_cakes_slices', 'Tiffin Slice', 'tiffin_cake_slice', 'Rich chocolate tiffin slice', 2.5, '/images/products/cakes-slices/tiffin_cake_slice-card.webp', 1, '2025-12-02T15:33:41.977Z', '2025-12-02T15:33:41.977Z');
INSERT OR REPLACE INTO products (id, category_id, name, slug, description, base_price, image_url, is_active, created_at, updated_at) VALUES ('prod_cake_slice', 'cat_cakes_slices', 'Cake Slice', 'cake_slice', 'Individual slice of delicious cake', 2.5, '/images/products/cakes-slices/frangipane_slice-card.webp', 0, '2025-12-02T15:33:41.977Z', '2025-12-02T15:33:41.977Z');
INSERT OR REPLACE INTO products (id, category_id, name, slug, description, base_price, image_url, is_active, created_at, updated_at) VALUES ('prod_lemon_drizzle_cake', 'cat_cakes_slices', 'Lemon Drizzle Cake', 'whole_lemon_drizzle_cake', 'Moist lemon cake with sweet drizzle', 7, '/images/products/cakes-slices/whole_lemon_drizzle_cake-card.webp', 1, '2025-12-02T15:33:41.977Z', '2025-12-02T15:33:41.977Z');
INSERT OR REPLACE INTO products (id, category_id, name, slug, description, base_price, image_url, is_active, created_at, updated_at) VALUES ('prod_frangipane', 'cat_cakes_slices', 'Frangipane', 'frangipane_slice', 'Almond cream tart', 2.5, '/images/products/cakes-slices/frangipane_slice-card.webp', 1, '2025-12-02T15:33:41.977Z', '2025-12-02T15:33:41.977Z');
INSERT OR REPLACE INTO products (id, category_id, name, slug, description, base_price, image_url, is_active, created_at, updated_at) VALUES ('prod_whole_cake', 'cat_cakes_slices', 'Whole Cake', 'whole_cake', 'Whole celebration cake', 20, '/images/products/cakes-slices/whole_lemon_drizzle_cake-card.webp', 0, '2025-12-02T15:33:41.977Z', '2025-12-02T15:33:41.977Z');
INSERT OR REPLACE INTO products (id, category_id, name, slug, description, base_price, image_url, is_active, created_at, updated_at) VALUES ('prod_dundee_cakes', 'cat_cakes_slices', 'Dundee Cakes', 'dundee_cakes', 'Traditional Scottish fruit cake', 20, '/images/products/cakes-slices/dundee_cakes-card.webp', 1, '2025-12-02T15:33:41.977Z', '2025-12-02T15:33:41.977Z');
INSERT OR REPLACE INTO products (id, category_id, name, slug, description, base_price, image_url, is_active, created_at, updated_at) VALUES ('prod_curried_beef_pasties', 'cat_savory', 'Curried Beef Mince Pasties', 'curried_beef_mince_pasties', 'Spiced beef pasties', 3.5, '/images/products/savory/curried_beef_mince_pasties-card.webp', 1, '2025-12-02T15:33:41.977Z', '2025-12-02T15:33:41.977Z');
INSERT OR REPLACE INTO products (id, category_id, name, slug, description, base_price, image_url, is_active, created_at, updated_at) VALUES ('prod_cheese_pesto_swirls', 'cat_savory', 'Cheese, Pesto & Basil Swirls', 'pesto_swirl', 'Savory swirls with cheese and pesto', 2, '/images/products/savory/pesto_swirl-card.webp', 1, '2025-12-02T15:33:41.977Z', '2025-12-02T15:33:41.977Z');
INSERT OR REPLACE INTO products (id, category_id, name, slug, description, base_price, image_url, is_active, created_at, updated_at) VALUES ('prod_kimchi', 'cat_savory', 'Kimchi', 'kimchi', 'House-made fermented kimchi', 7, '/images/products/savory/kimchi-card.webp', 1, '2025-12-02T15:33:41.977Z', '2025-12-02T15:33:41.977Z');
INSERT OR REPLACE INTO products (id, category_id, name, slug, description, base_price, image_url, is_active, created_at, updated_at) VALUES ('prod_eccles_cakes', 'cat_biscuits_bars', 'Eccles Cakes', 'eccles_cake', 'Traditional currant-filled pastries', 1.5, '/images/products/biscuits-bars/eccles_cake-card.webp', 1, '2025-12-02T15:33:41.977Z', '2025-12-02T15:33:41.977Z');
INSERT OR REPLACE INTO products (id, category_id, name, slug, description, base_price, image_url, is_active, created_at, updated_at) VALUES ('prod_flapjacks', 'cat_biscuits_bars', 'Flapjacks', 'flapjack', 'Oaty, buttery flapjacks', 2.5, '/images/products/biscuits-bars/flapjack-card.webp', 1, '2025-12-02T15:33:41.977Z', '2025-12-02T15:33:41.977Z');
INSERT OR REPLACE INTO products (id, category_id, name, slug, description, base_price, image_url, is_active, created_at, updated_at) VALUES ('prod_millionaire_shortbread', 'cat_biscuits_bars', 'Millionaire Shortbread', 'millionaire_shortbread', 'Shortbread with caramel and chocolate', 2, '/images/products/biscuits-bars/millionaire_shortbread-card.webp', 1, '2025-12-02T15:33:41.977Z', '2025-12-02T15:33:41.977Z');
INSERT OR REPLACE INTO product_variants (id, product_id, name, price_adjustment, sort_order, is_active, created_at, updated_at) VALUES ('var_apple_pie_small', 'prod_apple_pies', 'Small', 0, 1, 1, '2025-12-02T15:33:41.977Z', '2025-12-02T15:33:41.977Z');
INSERT OR REPLACE INTO product_variants (id, product_id, name, price_adjustment, sort_order, is_active, created_at, updated_at) VALUES ('var_apple_pie_xl', 'prod_apple_pies', 'Extra Large', 10.5, 2, 1, '2025-12-02T15:33:41.977Z', '2025-12-02T15:33:41.977Z');
INSERT OR REPLACE INTO product_variants (id, product_id, name, price_adjustment, sort_order, is_active, created_at, updated_at) VALUES ('var_frangipane_slice', 'prod_frangipane', 'Per Slice', 0, 1, 1, '2025-12-02T15:33:41.977Z', '2025-12-02T15:33:41.977Z');
INSERT OR REPLACE INTO product_variants (id, product_id, name, price_adjustment, sort_order, is_active, created_at, updated_at) VALUES ('var_frangipane_whole', 'prod_frangipane', 'Whole', 17.5, 2, 1, '2025-12-02T15:33:41.977Z', '2025-12-02T15:33:41.977Z');